id_alojamiento,id_valoracion,fecha,id_revisor,nombre_revisor,comentario
42808,85246,2010-08-26,45732,Cassi,"Nina is truly a wonderful hostess. The room was very cozy and her apartment is lovely and perfectly located in a great neighborhood with lots of restaurants and cafes. There are two grocery stores within walking distance. It is also super close to the subway station, making it a breeze to get there from the airport and to get into city center.  Nina was  was not only very helpful and responsive, but tremendously pleasant and welcoming. When I arrived she had prepared a welcome kit with information about local attractions, maps of the city, and even a lonely planet guide. She even arranged for me to attend yoga class with her, which was fantastic! "
42808,90227,2010-09-04,16461,Dafne,"Nina's place is very nice, clean and very close to what's important, i.e. shops, restaurants and subway station. What really makes a difference is Nina herself, not only an extremely caring host, but also a splendid person. If at the end of your stay you leave as friends, that is a lot more than you thought you'd get from your trip to Stockholm. "
145320,156423122,2017-05-30,45732,Cassi,"Very nice and wonderful place, everything was ok, clean and nice. We love this apartment. The best we have stayed ever!"
42808,87545,2010-08-30,212295,Eva,"  Nina is the worst person, and her apartment is the worst and most ugly we have ever stayed. The room was dirty and everythin was a mess. "
220851,404219448,2019-01-23,6616639,Eliska,What a gem! Both the place and Fredric are just lovely. Had the best stay and felt like home. The location and value are amazing. Really cool place with an extra arty and soul touch  Will be back soon and defo booking the same place! 
338470,989514,2012-03-11,45732,Cassi,"This place was great! Perfect for anyone who likes art. Very close to metro, 10-minute walk to trendy / hip restaurants and bars area. Gustaf is a very nice and charming host. He gave us handpicked guide and made some useful notes. I will definitely recommend this place to my friends!"
220851,411097466,2019-02-11,45732,Cassi,A lovely place to stay managed by a perfect guest
145320,170211906,2017-07-15,212295,Eva,"  Horrible place, even worse than Nina's one. We made the wrong decision when hired this apartment! "
313763,430805847,2019-03-31,30497368,Emma,Martin was a fantastic host!
313763,418091157,2019-03-01,212295,Eva,"I am tired of telling always the same, but all the apartment that I hire are horrible. Ia have always very bad luck. I believe I am not goint to travel any more. Horrible experiences always!"
313763,449750278,2019-05-07,255803528,Matthias,Martin was a very helpful host. The room in his classy appartment was the perfect homebase for my city exploration trip.
